[{"model": "anoapp.anotherquotationheader", "pk": 1, "fields": {"quotation_id": "1", "quotation_date": "2023-10-10T05:21:09.438Z", "customer_id": "NECネッツエスアイ株式会社", "end_user": null, "quotation_subject": "Isilon 製品御見積", "deadline": "3週間（在庫がある場合、5営業日）", "delivery_place": "貴社ご指定場所", "payment_terms": "50万円未満（税抜き）", "validity_period": "30日間", "quotation_price": "0", "notices": "", "opportunity_id": null, "sales_person": null, "lp_sum": "0", "offer_unit_price_sum": "0", "offer_price_sum": "0", "create_user": "test01", "create_date": "2023-10-10T05:21:09.438Z", "update_user": null, "update_date": "2023-10-10T05:21:09.443Z", "is_deleted": false}}, {"model": "anoapp.anotherquotationheader", "pk": 2, "fields": {"quotation_id": "2", "quotation_date": "2023-10-10T05:28:18.940Z", "customer_id": "日立システムズ株式会社", "end_user": null, "quotation_subject": "Isilon 製品御見積", "deadline": "3週間（在庫がある場合、5営業日）", "delivery_place": "貴社ご指定場所", "payment_terms": "50万円未満（税抜き）", "validity_period": "30日間", "quotation_price": "0", "notices": "", "opportunity_id": null, "sales_person": null, "lp_sum": "0", "offer_unit_price_sum": "0", "offer_price_sum": "0", "create_user": "test01", "create_date": "2023-10-10T05:28:18.940Z", "update_user": null, "update_date": "2023-10-10T05:53:29.736Z", "is_deleted": false}}, {"model": "anoapp.anotherquotationheader", "pk": 4, "fields": {"quotation_id": "3", "quotation_date": "2023-10-10T05:42:05.507Z", "customer_id": "NECネッツエスアイ株式会社", "end_user": null, "quotation_subject": "Isilon 製品御見積", "deadline": "3週間（在庫がある場合、5営業日）", "delivery_place": "貴社ご指定場所", "payment_terms": "50万円未満（税抜き）", "validity_period": "30日間", "quotation_price": "0", "notices": "", "opportunity_id": null, "sales_person": null, "lp_sum": "0", "offer_unit_price_sum": "0", "offer_price_sum": "0", "create_user": "test01", "create_date": "2023-10-10T05:42:05.507Z", "update_user": null, "update_date": "2023-10-10T05:42:05.507Z", "is_deleted": false}}, {"model": "anoapp.anotherquotationheader", "pk": 5, "fields": {"quotation_id": "4", "quotation_date": "2023-10-10T05:42:08.564Z", "customer_id": "NECネッツエスアイ株式会社", "end_user": null, "quotation_subject": "Isilon 製品御見積", "deadline": "3週間（在庫がある場合、5営業日）", "delivery_place": "貴社ご指定場所", "payment_terms": "50万円未満（税抜き）", "validity_period": "30日間", "quotation_price": "118800", "notices": "", "opportunity_id": null, "sales_person": null, "lp_sum": "0", "offer_unit_price_sum": "0", "offer_price_sum": "0", "create_user": "test01", "create_date": "2023-10-10T05:42:08.564Z", "update_user": null, "update_date": "2023-10-10T05:54:53.788Z", "is_deleted": false}}, {"model": "anoapp.anotherquotationheader", "pk": 7, "fields": {"quotation_id": "10", "quotation_date": "2023-10-11T01:31:20.343Z", "customer_id": "図研ネットウエイブ株式会社", "end_user": null, "quotation_subject": "Isilon 製品御見積", "deadline": "3週間（在庫がある場合、5営業日）", "delivery_place": "貴社ご指定場所", "payment_terms": "50万円未満（税抜き）", "validity_period": "30日間", "quotation_price": "120230", "notices": "", "opportunity_id": null, "sales_person": null, "lp_sum": "0", "offer_unit_price_sum": "0", "offer_price_sum": "0", "create_user": "test01", "create_date": "2023-10-11T01:31:20.343Z", "update_user": null, "update_date": "2023-10-26T00:18:11.273Z", "is_deleted": false}}, {"model": "anoapp.anotherquotationheader", "pk": 9, "fields": {"quotation_id": "11", "quotation_date": "2023-10-13T05:49:21.686Z", "customer_id": "NECネッツエスアイ株式会社", "end_user": null, "quotation_subject": "Isilon 製品御見積", "deadline": "3週間（在庫がある場合、5営業日）", "delivery_place": "貴社ご指定場所", "payment_terms": "50万円未満（税抜き）", "validity_period": "30日間", "quotation_price": "120230", "notices": "", "opportunity_id": null, "sales_person": null, "lp_sum": "0", "offer_unit_price_sum": "0", "offer_price_sum": "0", "create_user": "test01", "create_date": "2023-10-13T05:49:21.686Z", "update_user": null, "update_date": "2023-10-13T05:49:21.686Z", "is_deleted": false}}, {"model": "anoapp.anotherquotationheader", "pk": 10, "fields": {"quotation_id": "12", "quotation_date": "2023-10-13T05:49:25.423Z", "customer_id": "日立システムズ株式会社", "end_user": null, "quotation_subject": "Isilon 製品御見積", "deadline": "3週間（在庫がある場合、5営業日）", "delivery_place": "貴社ご指定場所", "payment_terms": "50万円未満（税抜き）", "validity_period": "30日間", "quotation_price": "120230", "notices": "", "opportunity_id": null, "sales_person": null, "lp_sum": "0", "offer_unit_price_sum": "0", "offer_price_sum": "0", "create_user": "test01", "create_date": "2023-10-13T05:49:25.423Z", "update_user": null, "update_date": "2023-10-23T06:56:28.304Z", "is_deleted": false}}, {"model": "anoapp.anotherquotationheader", "pk": 11, "fields": {"quotation_id": "13", "quotation_date": "2023-10-13T05:49:28.534Z", "customer_id": "NECネッツエスアイ株式会社", "end_user": null, "quotation_subject": "Isilon 製品御見積", "deadline": "3週間（在庫がある場合、5営業日）", "delivery_place": "貴社ご指定場所", "payment_terms": "50万円未満（税抜き）", "validity_period": "30日間", "quotation_price": "120230", "notices": "", "opportunity_id": null, "sales_person": null, "lp_sum": "0", "offer_unit_price_sum": "0", "offer_price_sum": "0", "create_user": "test01", "create_date": "2023-10-13T05:49:28.534Z", "update_user": null, "update_date": "2023-10-13T05:49:28.534Z", "is_deleted": false}}, {"model": "anoapp.anotherquotationheader", "pk": 12, "fields": {"quotation_id": "14", "quotation_date": "2023-10-13T05:49:36.669Z", "customer_id": "NECネッツエスアイ株式会社", "end_user": null, "quotation_subject": "Isilon 製品御見積", "deadline": "3週間（在庫がある場合、5営業日）", "delivery_place": "貴社ご指定場所", "payment_terms": "50万円未満（税抜き）", "validity_period": "30日間", "quotation_price": "120230", "notices": "", "opportunity_id": null, "sales_person": null, "lp_sum": "0", "offer_unit_price_sum": "0", "offer_price_sum": "0", "create_user": "test01", "create_date": "2023-10-13T05:49:36.669Z", "update_user": null, "update_date": "2023-10-13T05:49:36.669Z", "is_deleted": false}}, {"model": "anoapp.anotherquotationheader", "pk": 13, "fields": {"quotation_id": "15", "quotation_date": "2023-10-13T05:49:40.059Z", "customer_id": "日立システムズ株式会社", "end_user": null, "quotation_subject": "Isilon 製品御見積", "deadline": "3週間（在庫がある場合、5営業日）", "delivery_place": "貴社ご指定場所", "payment_terms": "50万円未満（税抜き）", "validity_period": "30日間", "quotation_price": "120230", "notices": "", "opportunity_id": null, "sales_person": null, "lp_sum": "0", "offer_unit_price_sum": "0", "offer_price_sum": "0", "create_user": "test01", "create_date": "2023-10-13T05:49:40.059Z", "update_user": null, "update_date": "2023-10-26T00:17:58.372Z", "is_deleted": false}}, {"model": "anoapp.anotherquotationheader", "pk": 14, "fields": {"quotation_id": "16", "quotation_date": "2023-10-13T05:49:43.717Z", "customer_id": "図研ネットウエイブ株式会社", "end_user": null, "quotation_subject": "VxRail 製品御見積", "deadline": "3週間（在庫がある場合、5営業日）", "delivery_place": "貴社ご指定場所", "payment_terms": "50万円未満（税抜き）", "validity_period": "30日間", "quotation_price": "120230", "notices": "", "opportunity_id": null, "sales_person": null, "lp_sum": "0", "offer_unit_price_sum": "0", "offer_price_sum": "0", "create_user": "test01", "create_date": "2023-10-13T05:49:43.717Z", "update_user": null, "update_date": "2023-10-26T00:14:15.620Z", "is_deleted": false}}, {"model": "anoapp.anotherquotationheader", "pk": 17, "fields": {"quotation_id": "17", "quotation_date": "2023-10-16T07:50:45.916Z", "customer_id": "NECネッツエスアイ株式会社", "end_user": null, "quotation_subject": "Isilon 製品御見積", "deadline": "3週間（在庫がある場合、5営業日）", "delivery_place": "貴社ご指定場所", "payment_terms": "50万円未満（税抜き）", "validity_period": "30日間", "quotation_price": "120230", "notices": "", "opportunity_id": null, "sales_person": null, "lp_sum": "0", "offer_unit_price_sum": "0", "offer_price_sum": "0", "create_user": "test01", "create_date": "2023-10-16T07:50:45.916Z", "update_user": null, "update_date": "2023-11-06T02:39:56.194Z", "is_deleted": false}}, {"model": "anoapp.anotherquotationheader", "pk": 19, "fields": {"quotation_id": "33", "quotation_date": "2023-10-23T05:17:28.072Z", "customer_id": "日立システムズ株式会社", "end_user": null, "quotation_subject": "Isilon 製品御見積", "deadline": "3週間（在庫がある場合、5営業日）", "delivery_place": "貴社ご指定場所", "payment_terms": "50万円未満（税抜き）", "validity_period": "30日間", "quotation_price": "32400", "notices": "", "opportunity_id": null, "sales_person": null, "lp_sum": "0", "offer_unit_price_sum": "0", "offer_price_sum": "0", "create_user": "test01", "create_date": "2023-10-23T05:17:28.072Z", "update_user": null, "update_date": "2023-11-06T05:39:06.773Z", "is_deleted": false}}, {"model": "anoapp.anotherquotationheader", "pk": 22, "fields": {"quotation_id": "0", "quotation_date": "2023-10-23T05:29:53.632Z", "customer_id": null, "end_user": null, "quotation_subject": null, "deadline": null, "delivery_place": null, "payment_terms": null, "validity_period": null, "quotation_price": "0", "notices": "", "opportunity_id": null, "sales_person": null, "lp_sum": "0", "offer_unit_price_sum": "0", "offer_price_sum": "0", "create_user": "test01", "create_date": "2023-10-23T05:29:53.632Z", "update_user": null, "update_date": "2023-10-23T05:29:53.638Z", "is_deleted": false}}, {"model": "anoapp.anotherquotationheader", "pk": 24, "fields": {"quotation_id": "34", "quotation_date": "2023-10-23T05:37:48.242Z", "customer_id": "マブチモーター株式会社", "end_user": null, "quotation_subject": "Isilon一式費用（松戸メイン機）", "deadline": "2ヶ月", "delivery_place": "貴社ご指定場所", "payment_terms": "50万円未満（税抜き）", "validity_period": "30日間", "quotation_price": "29480", "notices": "", "opportunity_id": null, "sales_person": null, "lp_sum": "0", "offer_unit_price_sum": "0", "offer_price_sum": "0", "create_user": "test01", "create_date": "2023-10-23T05:37:48.242Z", "update_user": null, "update_date": "2023-11-06T02:33:20.875Z", "is_deleted": false}}, {"model": "anoapp.anotherquotationheader", "pk": 27, "fields": {"quotation_id": "35", "quotation_date": "2023-11-06T02:40:04.440Z", "customer_id": "マブチモーター株式会社", "end_user": null, "quotation_subject": "Isilon一式費用（松戸メイン機）", "deadline": "2ヶ月", "delivery_place": "貴社ご指定場所", "payment_terms": "50万円未満（税抜き）", "validity_period": "30日間", "quotation_price": "29480", "notices": "", "opportunity_id": null, "sales_person": null, "lp_sum": "0", "offer_unit_price_sum": "0", "offer_price_sum": "0", "create_user": "wakamatsu", "create_date": "2023-11-06T02:40:04.440Z", "update_user": null, "update_date": "2023-11-22T04:09:47.567Z", "is_deleted": false}}, {"model": "anoapp.anotherquotationheader", "pk": 30, "fields": {"quotation_id": "36", "quotation_date": "2023-11-30T06:47:10.023Z", "customer_id": "株式会社図研プリサイト", "end_user": null, "quotation_subject": "Dell製品御見積書", "deadline": "1~1.5ヵ月", "delivery_place": "貴社ご指定場所", "payment_terms": "納入月末締翌月末現金払", "validity_period": "2023/12/28", "quotation_price": "113582", "notices": "", "opportunity_id": null, "sales_person": null, "lp_sum": "0", "offer_unit_price_sum": "0", "offer_price_sum": "0", "create_user": "mhirota", "create_date": "2023-11-30T06:47:10.023Z", "update_user": null, "update_date": "2023-11-30T06:47:10.042Z", "is_deleted": false}}, {"model": "anoapp.anotherquotationheader", "pk": 31, "fields": {"quotation_id": "37", "quotation_date": "2023-11-30T07:01:46.957Z", "customer_id": "株式会社図研", "end_user": null, "quotation_subject": "Dell製品御見積書", "deadline": "1～1.5ヵ月", "delivery_place": "貴社ご指定場所", "payment_terms": "納入月末締翌月末現金払", "validity_period": "2023年12月15日", "quotation_price": "632991", "notices": "", "opportunity_id": null, "sales_person": null, "lp_sum": "0", "offer_unit_price_sum": "0", "offer_price_sum": "0", "create_user": "mhirota", "create_date": "2023-11-30T07:01:46.957Z", "update_user": null, "update_date": "2023-11-30T07:02:42.416Z", "is_deleted": false}}, {"model": "anoapp.anotherquotationheader", "pk": 32, "fields": {"quotation_id": "38", "quotation_date": "2023-11-30T07:21:31.352Z", "customer_id": "株式会社図研プリサイト", "end_user": null, "quotation_subject": "Dell製品御見積書", "deadline": "1~1.5ヵ月", "delivery_place": "貴社ご指定場所", "payment_terms": "納入月末締翌月末現金払", "validity_period": "2023/12/28", "quotation_price": "113582", "notices": "", "opportunity_id": null, "sales_person": null, "lp_sum": "0", "offer_unit_price_sum": "0", "offer_price_sum": "0", "create_user": "mhirota", "create_date": "2023-11-30T07:21:31.352Z", "update_user": null, "update_date": "2023-11-30T07:21:31.352Z", "is_deleted": false}}, {"model": "anoapp.anotherquotationheader", "pk": 33, "fields": {"quotation_id": "39", "quotation_date": "2023-12-01T01:46:53.102Z", "customer_id": "No.36 複製 株式会社図研プリサイト", "end_user": null, "quotation_subject": "Dell製品御見積書", "deadline": "1~1.5ヵ月", "delivery_place": "貴社ご指定場所", "payment_terms": "納入月末締翌月末現金払", "validity_period": "2023/12/28", "quotation_price": "115901", "notices": "", "opportunity_id": null, "sales_person": null, "lp_sum": "0", "offer_unit_price_sum": "0", "offer_price_sum": "0", "create_user": "wakamatsu", "create_date": "2023-12-01T01:46:53.102Z", "update_user": null, "update_date": "2023-12-01T01:49:14.254Z", "is_deleted": false}}, {"model": "anoapp.anotherquotationheader", "pk": 36, "fields": {"quotation_id": "40", "quotation_date": "2023-12-01T02:06:17.501Z", "customer_id": "株式会社図研プリサイト", "end_user": null, "quotation_subject": "Dell製品御見積書", "deadline": "1~1.5ヵ月", "delivery_place": "貴社ご指定場所", "payment_terms": "納入月末締翌月末現金払", "validity_period": "2023/12/28", "quotation_price": "113582", "notices": "", "opportunity_id": null, "sales_person": null, "lp_sum": "0", "offer_unit_price_sum": "0", "offer_price_sum": "0", "create_user": "mhirota", "create_date": "2023-12-01T02:06:17.501Z", "update_user": null, "update_date": "2023-12-01T02:06:17.501Z", "is_deleted": false}}, {"model": "anoapp.anotherquotationmain", "pk": 1, "fields": {"header": 5, "number": 1, "znw_sku_jp": "初期設置構築費用作業費(2Uモデル)一式", "znw_sku": "DD1234599", "qty": 11, "lp": "12000", "discount_rate": "90.00", "offer_unit_price": "10800", "offer_price": "118800", "offer_price_sum": "0", "unitcost": "10", "unitcost_by_number": "110", "gross_profit": "118690", "profit_rate": "99.90", "notes_number": "1", "create_user": null, "create_date": "2023-10-10T05:42:59.860Z", "update_user": null, "update_date": "2023-10-10T05:54:53.760Z", "is_deleted": false}}, {"model": "anoapp.anotherquotationmain", "pk": 2, "fields": {"header": 5, "number": 2, "znw_sku_jp": "初期設置構築費用作業費(5Uモデル)一式", "znw_sku": "DD1234566", "qty": 10, "lp": "1300", "discount_rate": "11.00", "offer_unit_price": "143", "offer_price": "1430", "offer_price_sum": "0", "unitcost": "11", "unitcost_by_number": "110", "gross_profit": "1320", "profit_rate": "92.30", "notes_number": "2", "create_user": null, "create_date": "2023-10-10T05:54:53.756Z", "update_user": null, "update_date": "2023-10-10T05:54:53.764Z", "is_deleted": false}}, {"model": "anoapp.anotherquotationmain", "pk": 5, "fields": {"header": 7, "number": 1, "znw_sku_jp": "初期設置構築費用作業費(2Uモデル)一式", "znw_sku": "AA1234599", "qty": 11, "lp": "12000", "discount_rate": "90.00", "offer_unit_price": "10800", "offer_price": "118800", "offer_price_sum": "0", "unitcost": "10", "unitcost_by_number": "110", "gross_profit": "118690", "profit_rate": "99.90", "notes_number": "1", "create_user": null, "create_date": "2023-10-11T01:31:20.353Z", "update_user": null, "update_date": "2023-10-26T00:18:11.252Z", "is_deleted": false}}, {"model": "anoapp.anotherquotationmain", "pk": 6, "fields": {"header": 7, "number": 2, "znw_sku_jp": "初期設置構築費用作業費(5Uモデル)一式", "znw_sku": "BB1234566", "qty": 10, "lp": "1300", "discount_rate": "11.00", "offer_unit_price": "143", "offer_price": "1430", "offer_price_sum": "0", "unitcost": "11", "unitcost_by_number": "110", "gross_profit": "1320", "profit_rate": "92.30", "notes_number": "2", "create_user": null, "create_date": "2023-10-11T01:31:20.359Z", "update_user": null, "update_date": "2023-10-26T00:18:11.255Z", "is_deleted": false}}, {"model": "anoapp.anotherquotationmain", "pk": 9, "fields": {"header": 9, "number": 1, "znw_sku_jp": "初期設置構築費用作業費(2Uモデル)一式", "znw_sku": "AA1234599", "qty": 11, "lp": "12000", "discount_rate": "90.00", "offer_unit_price": "10800", "offer_price": "118800", "offer_price_sum": "0", "unitcost": "10", "unitcost_by_number": "110", "gross_profit": "118690", "profit_rate": "99.90", "notes_number": "1", "create_user": null, "create_date": "2023-10-13T05:49:21.699Z", "update_user": null, "update_date": "2023-10-13T05:49:21.699Z", "is_deleted": false}}, {"model": "anoapp.anotherquotationmain", "pk": 10, "fields": {"header": 9, "number": 2, "znw_sku_jp": "初期設置構築費用作業費(5Uモデル)一式", "znw_sku": "BB1234566", "qty": 10, "lp": "1300", "discount_rate": "11.00", "offer_unit_price": "143", "offer_price": "1430", "offer_price_sum": "0", "unitcost": "11", "unitcost_by_number": "110", "gross_profit": "1320", "profit_rate": "92.30", "notes_number": "2", "create_user": null, "create_date": "2023-10-13T05:49:21.714Z", "update_user": null, "update_date": "2023-10-13T05:49:21.714Z", "is_deleted": false}}, {"model": "anoapp.anotherquotationmain", "pk": 11, "fields": {"header": 10, "number": 1, "znw_sku_jp": "初期設置構築費用作業費(2Uモデル)一式", "znw_sku": "AA1234599", "qty": 11, "lp": "12000", "discount_rate": "90.00", "offer_unit_price": "10800", "offer_price": "118800", "offer_price_sum": "0", "unitcost": "10", "unitcost_by_number": "110", "gross_profit": "118690", "profit_rate": "99.90", "notes_number": "1", "create_user": null, "create_date": "2023-10-13T05:49:25.438Z", "update_user": null, "update_date": "2023-10-23T06:56:28.289Z", "is_deleted": false}}, {"model": "anoapp.anotherquotationmain", "pk": 12, "fields": {"header": 10, "number": 2, "znw_sku_jp": "初期設置構築費用作業費(5Uモデル)一式", "znw_sku": "BB1234566", "qty": 10, "lp": "1300", "discount_rate": "11.00", "offer_unit_price": "143", "offer_price": "1430", "offer_price_sum": "0", "unitcost": "11", "unitcost_by_number": "110", "gross_profit": "1320", "profit_rate": "92.30", "notes_number": "2", "create_user": null, "create_date": "2023-10-13T05:49:25.443Z", "update_user": null, "update_date": "2023-10-23T06:56:28.292Z", "is_deleted": false}}, {"model": "anoapp.anotherquotationmain", "pk": 13, "fields": {"header": 11, "number": 1, "znw_sku_jp": "初期設置構築費用作業費(2Uモデル)一式", "znw_sku": "AA1234599", "qty": 11, "lp": "12000", "discount_rate": "90.00", "offer_unit_price": "10800", "offer_price": "118800", "offer_price_sum": "0", "unitcost": "10", "unitcost_by_number": "110", "gross_profit": "118690", "profit_rate": "99.90", "notes_number": "1", "create_user": null, "create_date": "2023-10-13T05:49:28.545Z", "update_user": null, "update_date": "2023-10-13T05:49:28.545Z", "is_deleted": false}}, {"model": "anoapp.anotherquotationmain", "pk": 14, "fields": {"header": 11, "number": 2, "znw_sku_jp": "初期設置構築費用作業費(5Uモデル)一式", "znw_sku": "BB1234566", "qty": 10, "lp": "1300", "discount_rate": "11.00", "offer_unit_price": "143", "offer_price": "1430", "offer_price_sum": "0", "unitcost": "11", "unitcost_by_number": "110", "gross_profit": "1320", "profit_rate": "92.30", "notes_number": "2", "create_user": null, "create_date": "2023-10-13T05:49:28.551Z", "update_user": null, "update_date": "2023-10-13T05:49:28.551Z", "is_deleted": false}}, {"model": "anoapp.anotherquotationmain", "pk": 15, "fields": {"header": 12, "number": 1, "znw_sku_jp": "初期設置構築費用作業費(2Uモデル)一式", "znw_sku": "AA1234599", "qty": 11, "lp": "12000", "discount_rate": "90.00", "offer_unit_price": "10800", "offer_price": "118800", "offer_price_sum": "0", "unitcost": "10", "unitcost_by_number": "110", "gross_profit": "118690", "profit_rate": "99.90", "notes_number": "1", "create_user": null, "create_date": "2023-10-13T05:49:36.676Z", "update_user": null, "update_date": "2023-10-13T05:49:36.676Z", "is_deleted": false}}, {"model": "anoapp.anotherquotationmain", "pk": 16, "fields": {"header": 12, "number": 2, "znw_sku_jp": "初期設置構築費用作業費(5Uモデル)一式", "znw_sku": "BB1234566", "qty": 10, "lp": "1300", "discount_rate": "11.00", "offer_unit_price": "143", "offer_price": "1430", "offer_price_sum": "0", "unitcost": "11", "unitcost_by_number": "110", "gross_profit": "1320", "profit_rate": "92.30", "notes_number": "2", "create_user": null, "create_date": "2023-10-13T05:49:36.680Z", "update_user": null, "update_date": "2023-10-13T05:49:36.680Z", "is_deleted": false}}, {"model": "anoapp.anotherquotationmain", "pk": 17, "fields": {"header": 13, "number": 1, "znw_sku_jp": "初期設置構築費用作業費(2Uモデル)一式", "znw_sku": "AA1234599", "qty": 11, "lp": "12000", "discount_rate": "90.00", "offer_unit_price": "10800", "offer_price": "118800", "offer_price_sum": "0", "unitcost": "10", "unitcost_by_number": "110", "gross_profit": "118690", "profit_rate": "99.90", "notes_number": "1", "create_user": null, "create_date": "2023-10-13T05:49:40.067Z", "update_user": null, "update_date": "2023-10-26T00:17:58.354Z", "is_deleted": false}}, {"model": "anoapp.anotherquotationmain", "pk": 18, "fields": {"header": 13, "number": 2, "znw_sku_jp": "初期設置構築費用作業費(5Uモデル)一式", "znw_sku": "BB1234566", "qty": 10, "lp": "1300", "discount_rate": "11.00", "offer_unit_price": "143", "offer_price": "1430", "offer_price_sum": "0", "unitcost": "11", "unitcost_by_number": "110", "gross_profit": "1320", "profit_rate": "92.30", "notes_number": "2", "create_user": null, "create_date": "2023-10-13T05:49:40.072Z", "update_user": null, "update_date": "2023-10-26T00:17:58.357Z", "is_deleted": false}}, {"model": "anoapp.anotherquotationmain", "pk": 19, "fields": {"header": 14, "number": 1, "znw_sku_jp": "初期設置構築費用作業費(2Uモデル)一式", "znw_sku": "AA1234599", "qty": 11, "lp": "12000", "discount_rate": "90.00", "offer_unit_price": "10800", "offer_price": "118800", "offer_price_sum": "0", "unitcost": "10", "unitcost_by_number": "110", "gross_profit": "118690", "profit_rate": "99.90", "notes_number": "1", "create_user": null, "create_date": "2023-10-13T05:49:43.725Z", "update_user": null, "update_date": "2023-10-26T00:14:15.605Z", "is_deleted": false}}, {"model": "anoapp.anotherquotationmain", "pk": 20, "fields": {"header": 14, "number": 2, "znw_sku_jp": "初期設置構築費用作業費(5Uモデル)一式", "znw_sku": "BB1234566", "qty": 10, "lp": "1300", "discount_rate": "11.00", "offer_unit_price": "143", "offer_price": "1430", "offer_price_sum": "0", "unitcost": "11", "unitcost_by_number": "110", "gross_profit": "1320", "profit_rate": "92.30", "notes_number": "2", "create_user": null, "create_date": "2023-10-13T05:49:43.731Z", "update_user": null, "update_date": "2023-10-26T00:14:15.608Z", "is_deleted": false}}, {"model": "anoapp.anotherquotationmain", "pk": 25, "fields": {"header": 17, "number": 1, "znw_sku_jp": "初期設置構築費用作業費(2Uモデル)一式", "znw_sku": "AA1234599", "qty": 11, "lp": "12000", "discount_rate": "90.00", "offer_unit_price": "10800", "offer_price": "118800", "offer_price_sum": "0", "unitcost": "10", "unitcost_by_number": "110", "gross_profit": "118690", "profit_rate": "99.90", "notes_number": "1", "create_user": null, "create_date": "2023-10-16T07:50:45.935Z", "update_user": null, "update_date": "2023-11-06T02:39:56.176Z", "is_deleted": false}}, {"model": "anoapp.anotherquotationmain", "pk": 26, "fields": {"header": 17, "number": 2, "znw_sku_jp": "初期設置構築費用作業費(5Uモデル)一式", "znw_sku": "BB1234566", "qty": 10, "lp": "1300", "discount_rate": "11.00", "offer_unit_price": "143", "offer_price": "1430", "offer_price_sum": "0", "unitcost": "11", "unitcost_by_number": "110", "gross_profit": "1320", "profit_rate": "92.30", "notes_number": "2", "create_user": null, "create_date": "2023-10-16T07:50:45.942Z", "update_user": null, "update_date": "2023-11-06T02:39:56.179Z", "is_deleted": false}}, {"model": "anoapp.anotherquotationmain", "pk": 36, "fields": {"header": 19, "number": 1, "znw_sku_jp": "品名ＡＡＡ", "znw_sku": "AAAAA12345", "qty": 3, "lp": "12000", "discount_rate": "90.00", "offer_unit_price": "10800", "offer_price": "32400", "offer_price_sum": "0", "unitcost": "100", "unitcost_by_number": "300", "gross_profit": "32100", "profit_rate": "99.07", "notes_number": "1", "create_user": null, "create_date": "2023-10-23T05:17:28.084Z", "update_user": null, "update_date": "2023-11-06T05:39:06.756Z", "is_deleted": false}}, {"model": "anoapp.anotherquotationmain", "pk": 37, "fields": {"header": 24, "number": 1, "znw_sku_jp": "Isilon一式（A300_4ノード）", "znw_sku": "111122", "qty": 11, "lp": "1200", "discount_rate": "90.00", "offer_unit_price": "1080", "offer_price": "11880", "offer_price_sum": "0", "unitcost": "100", "unitcost_by_number": "1100", "gross_profit": "10780", "profit_rate": "90.70", "notes_number": "1", "create_user": null, "create_date": "2023-10-23T05:37:48.247Z", "update_user": null, "update_date": "2023-11-06T02:33:20.842Z", "is_deleted": false}}, {"model": "anoapp.anotherquotationmain", "pk": 38, "fields": {"header": 24, "number": 2, "znw_sku_jp": "Isilon一式（A400_4ノード）", "znw_sku": "DD1234566", "qty": 22, "lp": "1000", "discount_rate": "80.00", "offer_unit_price": "800", "offer_price": "17600", "offer_price_sum": "0", "unitcost": "22", "unitcost_by_number": "484", "gross_profit": "17116", "profit_rate": "97.30", "notes_number": "2", "create_user": null, "create_date": "2023-10-23T06:37:00.603Z", "update_user": null, "update_date": "2023-11-06T02:33:20.846Z", "is_deleted": false}}, {"model": "anoapp.anotherquotationmain", "pk": 43, "fields": {"header": 27, "number": 1, "znw_sku_jp": "Isilon一式（A300_4ノード）", "znw_sku": "111122", "qty": 11, "lp": "1200", "discount_rate": "90.00", "offer_unit_price": "1080", "offer_price": "11880", "offer_price_sum": "0", "unitcost": "100", "unitcost_by_number": "1100", "gross_profit": "10780", "profit_rate": "90.70", "notes_number": "1", "create_user": null, "create_date": "2023-11-06T02:40:04.454Z", "update_user": null, "update_date": "2023-11-22T04:09:47.537Z", "is_deleted": false}}, {"model": "anoapp.anotherquotationmain", "pk": 44, "fields": {"header": 27, "number": 2, "znw_sku_jp": "Isilon一式（A400_4ノード）", "znw_sku": "DD1234566", "qty": 22, "lp": "1000", "discount_rate": "80.00", "offer_unit_price": "800", "offer_price": "17600", "offer_price_sum": "0", "unitcost": "22", "unitcost_by_number": "484", "gross_profit": "17116", "profit_rate": "97.30", "notes_number": "2", "create_user": null, "create_date": "2023-11-06T02:40:04.461Z", "update_user": null, "update_date": "2023-11-22T04:09:47.540Z", "is_deleted": false}}, {"model": "anoapp.anotherquotationmain", "pk": 47, "fields": {"header": 30, "number": 1, "znw_sku_jp": "Dell Latitude 3540, BTX", "znw_sku": "ZP-3700004805241.1", "qty": 1, "lp": "231802", "discount_rate": "50.00", "offer_unit_price": "115900", "offer_price": "115901", "offer_price_sum": "0", "unitcost": "110000", "unitcost_by_number": "110000", "gross_profit": "5900", "profit_rate": "5.09", "notes_number": "1", "create_user": null, "create_date": "2023-11-30T06:47:10.030Z", "update_user": null, "update_date": "2023-11-30T06:47:10.030Z", "is_deleted": false}}, {"model": "anoapp.anotherquotationmain", "pk": 48, "fields": {"header": 31, "number": 1, "znw_sku_jp": "PowerEdge T350 Server", "znw_sku": "Z-3700004340807.4", "qty": 1, "lp": "1265982", "discount_rate": "50.00", "offer_unit_price": "632991", "offer_price": "632991", "offer_price_sum": "0", "unitcost": "558100", "unitcost_by_number": "558100", "gross_profit": "74891", "profit_rate": "11.80", "notes_number": "1", "create_user": null, "create_date": "2023-11-30T07:01:46.962Z", "update_user": null, "update_date": "2023-11-30T07:02:42.408Z", "is_deleted": false}}, {"model": "anoapp.anotherquotationmain", "pk": 49, "fields": {"header": 32, "number": 1, "znw_sku_jp": "Dell Latitude 3540, BTX", "znw_sku": "ZP-3700004805241.1", "qty": 1, "lp": "231802", "discount_rate": "50.00", "offer_unit_price": "115900", "offer_price": "115901", "offer_price_sum": "0", "unitcost": "110000", "unitcost_by_number": "110000", "gross_profit": "5900", "profit_rate": "5.09", "notes_number": "1", "create_user": null, "create_date": "2023-11-30T07:21:31.359Z", "update_user": null, "update_date": "2023-11-30T07:21:31.359Z", "is_deleted": false}}, {"model": "anoapp.anotherquotationmain", "pk": 50, "fields": {"header": 33, "number": 1, "znw_sku_jp": "Dell Latitude 3540, BTX", "znw_sku": "ZP-3700004805241.1", "qty": 1, "lp": "231802", "discount_rate": "50.00", "offer_unit_price": "115901", "offer_price": "115901", "offer_price_sum": "0", "unitcost": "110000", "unitcost_by_number": "110000", "gross_profit": "5901", "profit_rate": "5.10", "notes_number": "1", "create_user": null, "create_date": "2023-12-01T01:46:53.114Z", "update_user": null, "update_date": "2023-12-01T01:49:14.243Z", "is_deleted": false}}, {"model": "anoapp.anotherquotationmain", "pk": 53, "fields": {"header": 36, "number": 1, "znw_sku_jp": "Dell Latitude 3540, BTX", "znw_sku": "ZP-3700004805241.1", "qty": 1, "lp": "231802", "discount_rate": "50.00", "offer_unit_price": "115900", "offer_price": "115901", "offer_price_sum": "0", "unitcost": "110000", "unitcost_by_number": "110000", "gross_profit": "5900", "profit_rate": "5.09", "notes_number": "1", "create_user": null, "create_date": "2023-12-01T02:06:17.512Z", "update_user": null, "update_date": "2023-12-01T02:06:17.512Z", "is_deleted": false}}, {"model": "anoapp.anotherquotationnotes", "pk": 1, "fields": {"header": 5, "number": 1, "notes": "注釈本文", "create_user": null, "create_date": "2023-10-10T05:42:59.868Z", "update_user": null, "update_date": "2023-10-10T05:54:53.777Z", "is_deleted": false}}, {"model": "anoapp.anotherquotationnotes", "pk": 3, "fields": {"header": 7, "number": 1, "notes": "受渡場所の詳細は別途、担当者と調整致します。", "create_user": null, "create_date": "2023-10-11T01:31:20.368Z", "update_user": null, "update_date": "2023-10-26T00:18:11.262Z", "is_deleted": false}}, {"model": "anoapp.anotherquotationnotes", "pk": 5, "fields": {"header": 9, "number": 1, "notes": "受渡場所の詳細は別途、担当者と調整致します。", "create_user": null, "create_date": "2023-10-13T05:49:21.722Z", "update_user": null, "update_date": "2023-10-13T05:49:21.722Z", "is_deleted": false}}, {"model": "anoapp.anotherquotationnotes", "pk": 6, "fields": {"header": 10, "number": 1, "notes": "受渡場所の詳細は別途、担当者と調整致します。", "create_user": null, "create_date": "2023-10-13T05:49:25.449Z", "update_user": null, "update_date": "2023-10-23T06:56:28.297Z", "is_deleted": false}}, {"model": "anoapp.anotherquotationnotes", "pk": 7, "fields": {"header": 11, "number": 1, "notes": "受渡場所の詳細は別途、担当者と調整致します。", "create_user": null, "create_date": "2023-10-13T05:49:28.563Z", "update_user": null, "update_date": "2023-10-13T05:49:28.563Z", "is_deleted": false}}, {"model": "anoapp.anotherquotationnotes", "pk": 8, "fields": {"header": 12, "number": 1, "notes": "受渡場所の詳細は別途、担当者と調整致します。", "create_user": null, "create_date": "2023-10-13T05:49:36.685Z", "update_user": null, "update_date": "2023-10-13T05:49:36.685Z", "is_deleted": false}}, {"model": "anoapp.anotherquotationnotes", "pk": 9, "fields": {"header": 13, "number": 1, "notes": "受渡場所の詳細は別途、担当者と調整致します。", "create_user": null, "create_date": "2023-10-13T05:49:40.084Z", "update_user": null, "update_date": "2023-10-26T00:17:58.363Z", "is_deleted": false}}, {"model": "anoapp.anotherquotationnotes", "pk": 10, "fields": {"header": 14, "number": 1, "notes": "受渡場所の詳細は別途、担当者と調整致します。", "create_user": null, "create_date": "2023-10-13T05:49:43.737Z", "update_user": null, "update_date": "2023-10-26T00:14:15.613Z", "is_deleted": false}}, {"model": "anoapp.anotherquotationnotes", "pk": 13, "fields": {"header": 17, "number": 1, "notes": "受渡場所の詳細は別途、担当者と調整致します。", "create_user": null, "create_date": "2023-10-16T07:50:45.950Z", "update_user": null, "update_date": "2023-11-06T02:39:56.185Z", "is_deleted": false}}, {"model": "anoapp.anotherquotationnotes", "pk": 15, "fields": {"header": 19, "number": 1, "notes": "111", "create_user": null, "create_date": "2023-10-23T05:17:28.088Z", "update_user": null, "update_date": "2023-11-06T05:39:06.763Z", "is_deleted": false}}, {"model": "anoapp.anotherquotationnotes", "pk": 18, "fields": {"header": 24, "number": 1, "notes": "A300 - 30TB (15x2TB)/800GB SSD/L3[PowerScale A300 - APJC]×4\r\n構成\r\nA300 - 30TB (15x2TB)/800GB SSD/L3 1\r\nﾎﾜｲﾄ ｸﾞﾛｰﾌﾞ Info Mod 1\r\nﾄﾗﾝｼｰﾊﾞｰ/Optic/SFP+/SR/10GbE/2 GEN6 1\r\n2x25GbE (SFP28) Back-end W/O OPTICS 1\r\n2x25GbE (SFP28) W/O OPTICS 1\r\n認定 ﾃﾞﾌﾟﾛｲﾒﾝﾄ ﾊﾟｰﾄﾅｰ T1 or Distributors 1\r\nInfo Mod, Restricted ｵｰﾀﾞｰ, CORK 1\r\nﾊﾟｰﾂ のみ 保証 12 ｹ月, 12 ヶ月1\r\nProsupport Plus と 4時間 ﾐｯｼｮﾝ ｸﾘﾃｨｶﾙ 延長, 48 ヶ月1\r\nProsupport Plus と 4時間 ﾐｯｼｮﾝ ｸﾘﾃｨｶﾙ Initial, 12 ヶ月1", "create_user": null, "create_date": "2023-10-23T06:37:00.613Z", "update_user": null, "update_date": "2023-11-06T02:33:20.854Z", "is_deleted": false}}, {"model": "anoapp.anotherquotationnotes", "pk": 19, "fields": {"header": 24, "number": 2, "notes": "Accessories Virtual Base - VI[PowerScale Accessories - APJC]×1\r\n構成\r\nAccessories Virtual Base - VI 1\r\nPWRCRD,2,IEC320 C14-C13,208V UNIVERSAL 4\r\nPWRCRD,2,JIS 8303-C13,100V JAPAN 4\r\nPWCRD KIT for Gen6 Normal Chassis 2\r\nCABLE ETHERNET 10G PASS SFP+ 3M 8", "create_user": null, "create_date": "2023-10-23T08:12:42.619Z", "update_user": null, "update_date": "2023-11-06T02:33:20.857Z", "is_deleted": false}}, {"model": "anoapp.anotherquotationnotes", "pk": 23, "fields": {"header": 27, "number": 1, "notes": "A300 - 30TB (15x2TB)/800GB SSD/L3[PowerScale A300 - APJC]×4\r\n構成\r\nA300 - 30TB (15x2TB)/800GB SSD/L3 1\r\nﾎﾜｲﾄ ｸﾞﾛｰﾌﾞ Info Mod 1\r\nﾄﾗﾝｼｰﾊﾞｰ/Optic/SFP+/SR/10GbE/2 GEN6 1\r\n2x25GbE (SFP28) Back-end W/O OPTICS 1\r\n2x25GbE (SFP28) W/O OPTICS 1\r\n認定 ﾃﾞﾌﾟﾛｲﾒﾝﾄ ﾊﾟｰﾄﾅｰ T1 or Distributors 1\r\nInfo Mod, Restricted ｵｰﾀﾞｰ, CORK 1\r\nﾊﾟｰﾂ のみ 保証 12 ｹ月, 12 ヶ月1\r\nProsupport Plus と 4時間 ﾐｯｼｮﾝ ｸﾘﾃｨｶﾙ 延長, 48 ヶ月1\r\nProsupport Plus と 4時間 ﾐｯｼｮﾝ ｸﾘﾃｨｶﾙ Initial, 12 ヶ月1", "create_user": null, "create_date": "2023-11-06T02:40:04.468Z", "update_user": null, "update_date": "2023-11-22T04:09:47.550Z", "is_deleted": false}}, {"model": "anoapp.anotherquotationnotes", "pk": 24, "fields": {"header": 27, "number": 2, "notes": "Accessories Virtual Base - VI[PowerScale Accessories - APJC]×1\r\n構成\r\nAccessories Virtual Base - VI 1\r\nPWRCRD,2,IEC320 C14-C13,208V UNIVERSAL 4\r\nPWRCRD,2,JIS 8303-C13,100V JAPAN 4\r\nPWCRD KIT for Gen6 Normal Chassis 2\r\nCABLE ETHERNET 10G PASS SFP+ 3M 8", "create_user": null, "create_date": "2023-11-06T02:40:04.474Z", "update_user": null, "update_date": "2023-11-22T04:09:47.552Z", "is_deleted": false}}, {"model": "anoapp.anotherquotationnotes", "pk": 26, "fields": {"header": 30, "number": 1, "notes": "構成\r\nDell Latitude 3540, BTX 210-BGDW 1\r\n第13世代 ｲﾝﾃﾙ Core i5-1345U (12 MB ｷｬｯｼｭ, 10 ｺｱ, 最大 4.70 GHz ﾀｰﾎﾞ) 379-BFBG 1\r\n内蔵 ｲﾝﾃﾙ(R) Iris(R) Xe または UHD ｸﾞﾗﾌｨｯｸｽ for i5-1345U ﾌﾟﾛｾｯｻｰ338-CHQK 1\r\n15.6ｲﾝﾁ, FHD 1920x1080, 60Hz, WVA/IPS, 非-ﾀｯﾁ, 非光沢, 250 nit, NTSC 45%, FHD ｶﾒﾗ, WLAN 391-BHIW 1\r\nPalmrest, No Fingerprint Reader, No SIM slot, Japan 346-BJYP 1\r\n16 GB, 2 x 8 GB, DDR4, 3200 MT/s 370-AHMT 1\r\n256 GB, M.2 2230, PCIe NVMe, SSD, Class 35 400-BOSX 1\r\n3ｾﾙ, 42 Wh, ExpressCharge™ 対応, ExpressCharge™ Boost 対応451-BDBQ 1\r\n日本語 非-バックライト キーボード (テンキー付), 103-キー583-BJQJ 1\r\nｲﾝﾃﾙ® Wi-Fi 6E (6Eが利用できない場合は6) AX211, 2x2, 802.11ax, Bluetooth ﾜｲﾔﾚｽ ｶｰﾄﾞ555-BHHU 1\r\nｲﾝﾃﾙ AX201/AX211 WLAN ﾄﾞﾗｲﾊﾞｰ555-BJDV 1\r\nOS ﾒﾃﾞｨｱ ｷｯﾄ なし374-BBBI 1\r\nENERGY STAR 387-BBLW 1\r\nﾄﾞｷｭﾒﾝﾄ MUI用 (英語,中国語・簡体,日本語,中国語・繁体 ,韓国語) 340-ACBT 1\r\nｸｲｯｸ ｽﾀｰﾄ ｶﾞｲﾄﾞ for 3540 340-DDPB 1\r\nDell 追加 ｿﾌﾄｳｪｱ658-BFQB 1\r\nLatitude 3540 ﾎﾞﾄﾑ ﾄﾞｱ, 内蔵 ｸﾞﾗﾌｨｯｸｽ321-BJBF 1\r\n65W AC ｱﾀﾞﾌﾟﾀｰ492-BDHT 1\r\nE4 電源ｺｰﾄﾞ 3FT ｰ 日本450-ALFR 1\r\nFHD ｶﾒﾗ, Temporal Noise Reduction, No ExpressSign-In, ｶﾒﾗ ｼｬｯﾀｰ, Mic 319-BBIW 1\r\nｲﾝﾃﾙ vPro ﾏﾈｼﾞﾒﾝﾄ 無効631-BBBB 1\r\nｲﾝﾃﾙ ﾗﾋﾟｯﾄﾞ ｽﾄﾚｰｼﾞ ﾃｸﾉﾛｼﾞｰ ﾄﾞﾗｲﾊﾞｰ409-BCWT 1\r\nｼｽﾃﾑ出荷, Latitude 3540 340-DGJB 1\r\nﾃﾞﾙをご購入いただき､ありがとうございます379-BBEP 1\r\n情報 構成 のみ340-ADFN 1\r\nEPEAT 2018 登録済み (Silver) 379-BDTO 1\r\nFixed Hardware Configuration 998-GGCJ 1\r\nINFO North Hub 340-ALZH 1\r\nKVDYP L3540 Y-1 RCPT6 486-83616 1\r\nCCC 国 情報340-AASK 1\r\nMicrosoft® Office ﾗｲｾﾝｽなし630-AASW 1\r\n\r\n\r\nソフトウェア\r\nWindows 11 Pro, 日本語619-APUC 1\r\nMicrosoft® Office 設定なし630-ABIY 1\r\n\r\n\r\nサービス\r\nCollect and Return Service 12 Months 709-BCGV 1\r\nProSupport & 翌営業日対応ｵﾝｻｲﾄ保守ｻｰﾋﾞｽ Extension, 24 ヶ月199-BIQI 1\r\nProSupport & 翌営業日対応ｵﾝｻｲﾄ保守ｻｰﾋﾞｽ Initial, 12 ヶ月199-BIQJ 1", "create_user": null, "create_date": "2023-11-30T06:47:10.036Z", "update_user": null, "update_date": "2023-11-30T06:47:10.036Z", "is_deleted": false}}, {"model": "anoapp.anotherquotationnotes", "pk": 27, "fields": {"header": 31, "number": 1, "notes": "構成\r\nPowerEdge T350 Server 210-BBSR 1\r\n信頼されたﾌﾟﾗｯﾄﾌｫｰﾑ 2.0 V3 461-AAIG 1\r\n3.5ｲﾝﾁ ｼｬｰｼ with 最大 8 ﾎｯﾄﾌﾟﾗｸﾞ ﾊｰﾄﾞ ﾄﾞﾗｲﾌﾞ and AIC PERC, hot-plug PSU 321-BGXD 1\r\nｲﾝﾃﾙ Xeon E-2378G 2.8GHz, 16M ｷｬｯｼｭ, 8C/16T, ﾀｰﾎﾞ (80W), 3200 MT/s 338-CCKV 1\r\nｽﾀﾝﾀﾞｰﾄﾞ ﾋｰﾄｼﾝｸ412-AAHC 1\r\nﾊﾟﾌｫｰﾏﾝｽ 最適化370-AAIP 1\r\n3200MT/s UDIMM 370-AGNY 1\r\n32GB UDIMM, 3200MT/s, ECC 370-AGRY 2\r\nRAID 1 780-BCDN 1\r\nPERC H755 ｱﾀﾞﾌﾟﾀｰ Full Height 405-AAZD 1\r\n1.92TB SSD SATA Mix Use 6Gbps 512 2.5ｲﾝﾁ ﾎｯﾄ-ﾌﾟﾗｸﾞ AG ﾄﾞﾗｲﾌﾞ,3.5ｲﾝﾁ変換ｷｬﾘｱ搭載, 3 DWPD 400-AZVG 2\r\nPerformance BIOS 設定384-BBBL 1\r\nﾃﾞｭｱﾙ, ﾎｯﾄ-ﾌﾟﾗｸﾞ, 冗長 電源ﾕﾆｯﾄ(1+1), 600W 450-AKMP 1\r\n電源ｹｰﾌﾞﾙ - C13, 2M, 125V, 15A (日本) 450-AAMH 2\r\nPowerEdge T350 ﾏｻﾞｰﾎﾞｰﾄﾞ Broadcom 5720 ﾃﾞｭｱﾙ ﾎﾟｰﾄ 1Gb ｵﾝﾎﾞｰﾄﾞ LOM 付き, V2 付き329-BHES 1\r\nSecurity Bezel 325-BEHD 1\r\nLuggage tag, PowerEdge T350 350-BCGT 1\r\nBOSS Blank 470-AFBV 1\r\niDRAC9, Basic 15G 385-BBRB 1\r\nForce Change Password iDRAC9 x4 379-BDWE 1\r\niDRAC ｻｰﾋﾞｽ ﾓｼﾞｭｰﾙ (ISM), ｲﾝｽﾄｰﾙ なし379-BCQX 1\r\niDRAC ｸﾞﾙｰﾌﾟﾏﾈｰｼﾞｬｰ, 無効379-BCQY 1\r\nDVD+/-RW SATA 内蔵429-AAQL 1\r\nPowerEdge T350 Shipping - Hong Kong/Taiwan/Korea/Japan 340-CXKL 1\r\nPowerEdge T350 出荷資料340-CWVT 1\r\nPowerEdge T350 CCC ﾏｰｷﾝｸﾞ, No CE ﾏｰｷﾝｸﾞ, 香港/台湾/韓国/日本389-ECCX 1\r\n付属品一式 日本 ｵｰﾀﾞｰ 用, must 100% tie with 日本 ｵｰﾀﾞｰ340-AMDP 1\r\n\r\n\r\nソフトウェア\r\nUEFI BIOS ﾌﾞｰﾄ ﾓｰﾄﾞGPT ﾊﾟｰﾃｨｼｮﾝ 付き800-BBDM 1\r\nｵﾍﾟﾚｰﾃｨﾝｸﾞｼｽﾃﾑなし611-BBBF 1\r\nﾒﾃﾞｨｱ なし605-BBFN 1\r\nｼｽﾃﾑ ﾄﾞｷｭﾒﾝﾃｰｼｮﾝ なし, OpenManage DVD ｷｯﾄ なし631-AACK 1\r\n\r\n\r\nサービス\r\nﾍﾞｰｼｯｸ 翌営業日 12ｹ月709-BBGJ 1\r\nProSupport 翌営業日対応ｵﾝｻｲﾄ保守ｻｰﾋﾞｽ ｲﾆｼｬﾙ, 12 ヶ月865-BBKQ 1\r\nProSupport 翌営業日対応ｵﾝｻｲﾄ保守ｻｰﾋﾞｽ Extension, 24 ヶ月865-BBKR 1\r\nｲﾝｽﾄｰﾙｻｰﾋﾞｽなし683-12965 1", "create_user": null, "create_date": "2023-11-30T07:01:46.967Z", "update_user": null, "update_date": "2023-11-30T07:02:42.413Z", "is_deleted": false}}, {"model": "anoapp.anotherquotationnotes", "pk": 28, "fields": {"header": 32, "number": 1, "notes": "構成\r\nDell Latitude 3540, BTX 210-BGDW 1\r\n第13世代 ｲﾝﾃﾙ Core i5-1345U (12 MB ｷｬｯｼｭ, 10 ｺｱ, 最大 4.70 GHz ﾀｰﾎﾞ) 379-BFBG 1\r\n内蔵 ｲﾝﾃﾙ(R) Iris(R) Xe または UHD ｸﾞﾗﾌｨｯｸｽ for i5-1345U ﾌﾟﾛｾｯｻｰ338-CHQK 1\r\n15.6ｲﾝﾁ, FHD 1920x1080, 60Hz, WVA/IPS, 非-ﾀｯﾁ, 非光沢, 250 nit, NTSC 45%, FHD ｶﾒﾗ, WLAN 391-BHIW 1\r\nPalmrest, No Fingerprint Reader, No SIM slot, Japan 346-BJYP 1\r\n16 GB, 2 x 8 GB, DDR4, 3200 MT/s 370-AHMT 1\r\n256 GB, M.2 2230, PCIe NVMe, SSD, Class 35 400-BOSX 1\r\n3ｾﾙ, 42 Wh, ExpressCharge™ 対応, ExpressCharge™ Boost 対応451-BDBQ 1\r\n日本語 非-バックライト キーボード (テンキー付), 103-キー583-BJQJ 1\r\nｲﾝﾃﾙ® Wi-Fi 6E (6Eが利用できない場合は6) AX211, 2x2, 802.11ax, Bluetooth ﾜｲﾔﾚｽ ｶｰﾄﾞ555-BHHU 1\r\nｲﾝﾃﾙ AX201/AX211 WLAN ﾄﾞﾗｲﾊﾞｰ555-BJDV 1\r\nOS ﾒﾃﾞｨｱ ｷｯﾄ なし374-BBBI 1\r\nENERGY STAR 387-BBLW 1\r\nﾄﾞｷｭﾒﾝﾄ MUI用 (英語,中国語・簡体,日本語,中国語・繁体 ,韓国語) 340-ACBT 1\r\nｸｲｯｸ ｽﾀｰﾄ ｶﾞｲﾄﾞ for 3540 340-DDPB 1\r\nDell 追加 ｿﾌﾄｳｪｱ658-BFQB 1\r\nLatitude 3540 ﾎﾞﾄﾑ ﾄﾞｱ, 内蔵 ｸﾞﾗﾌｨｯｸｽ321-BJBF 1\r\n65W AC ｱﾀﾞﾌﾟﾀｰ492-BDHT 1\r\nE4 電源ｺｰﾄﾞ 3FT ｰ 日本450-ALFR 1\r\nFHD ｶﾒﾗ, Temporal Noise Reduction, No ExpressSign-In, ｶﾒﾗ ｼｬｯﾀｰ, Mic 319-BBIW 1\r\nｲﾝﾃﾙ vPro ﾏﾈｼﾞﾒﾝﾄ 無効631-BBBB 1\r\nｲﾝﾃﾙ ﾗﾋﾟｯﾄﾞ ｽﾄﾚｰｼﾞ ﾃｸﾉﾛｼﾞｰ ﾄﾞﾗｲﾊﾞｰ409-BCWT 1\r\nｼｽﾃﾑ出荷, Latitude 3540 340-DGJB 1\r\nﾃﾞﾙをご購入いただき､ありがとうございます379-BBEP 1\r\n情報 構成 のみ340-ADFN 1\r\nEPEAT 2018 登録済み (Silver) 379-BDTO 1\r\nFixed Hardware Configuration 998-GGCJ 1\r\nINFO North Hub 340-ALZH 1\r\nKVDYP L3540 Y-1 RCPT6 486-83616 1\r\nCCC 国 情報340-AASK 1\r\nMicrosoft® Office ﾗｲｾﾝｽなし630-AASW 1\r\n\r\n\r\nソフトウェア\r\nWindows 11 Pro, 日本語619-APUC 1\r\nMicrosoft® Office 設定なし630-ABIY 1\r\n\r\n\r\nサービス\r\nCollect and Return Service 12 Months 709-BCGV 1\r\nProSupport & 翌営業日対応ｵﾝｻｲﾄ保守ｻｰﾋﾞｽ Extension, 24 ヶ月199-BIQI 1\r\nProSupport & 翌営業日対応ｵﾝｻｲﾄ保守ｻｰﾋﾞｽ Initial, 12 ヶ月199-BIQJ 1", "create_user": null, "create_date": "2023-11-30T07:21:31.367Z", "update_user": null, "update_date": "2023-11-30T07:21:31.367Z", "is_deleted": false}}, {"model": "anoapp.anotherquotationnotes", "pk": 29, "fields": {"header": 33, "number": 1, "notes": "構成\r\nDell Latitude 3540, BTX 210-BGDW 1\r\n第13世代 ｲﾝﾃﾙ Core i5-1345U (12 MB ｷｬｯｼｭ, 10 ｺｱ, 最大 4.70 GHz ﾀｰﾎﾞ) 379-BFBG 1\r\n内蔵 ｲﾝﾃﾙ(R) Iris(R) Xe または UHD ｸﾞﾗﾌｨｯｸｽ for i5-1345U ﾌﾟﾛｾｯｻｰ338-CHQK 1\r\n15.6ｲﾝﾁ, FHD 1920x1080, 60Hz, WVA/IPS, 非-ﾀｯﾁ, 非光沢, 250 nit, NTSC 45%, FHD ｶﾒﾗ, WLAN 391-BHIW 1\r\nPalmrest, No Fingerprint Reader, No SIM slot, Japan 346-BJYP 1\r\n16 GB, 2 x 8 GB, DDR4, 3200 MT/s 370-AHMT 1\r\n256 GB, M.2 2230, PCIe NVMe, SSD, Class 35 400-BOSX 1\r\n3ｾﾙ, 42 Wh, ExpressCharge™ 対応, ExpressCharge™ Boost 対応451-BDBQ 1\r\n日本語 非-バックライト キーボード (テンキー付), 103-キー583-BJQJ 1\r\nｲﾝﾃﾙ® Wi-Fi 6E (6Eが利用できない場合は6) AX211, 2x2, 802.11ax, Bluetooth ﾜｲﾔﾚｽ ｶｰﾄﾞ555-BHHU 1\r\nｲﾝﾃﾙ AX201/AX211 WLAN ﾄﾞﾗｲﾊﾞｰ555-BJDV 1\r\nOS ﾒﾃﾞｨｱ ｷｯﾄ なし374-BBBI 1\r\nENERGY STAR 387-BBLW 1\r\nﾄﾞｷｭﾒﾝﾄ MUI用 (英語,中国語・簡体,日本語,中国語・繁体 ,韓国語) 340-ACBT 1\r\nｸｲｯｸ ｽﾀｰﾄ ｶﾞｲﾄﾞ for 3540 340-DDPB 1\r\nDell 追加 ｿﾌﾄｳｪｱ658-BFQB 1\r\nLatitude 3540 ﾎﾞﾄﾑ ﾄﾞｱ, 内蔵 ｸﾞﾗﾌｨｯｸｽ321-BJBF 1\r\n65W AC ｱﾀﾞﾌﾟﾀｰ492-BDHT 1\r\nE4 電源ｺｰﾄﾞ 3FT ｰ 日本450-ALFR 1\r\nFHD ｶﾒﾗ, Temporal Noise Reduction, No ExpressSign-In, ｶﾒﾗ ｼｬｯﾀｰ, Mic 319-BBIW 1\r\nｲﾝﾃﾙ vPro ﾏﾈｼﾞﾒﾝﾄ 無効631-BBBB 1\r\nｲﾝﾃﾙ ﾗﾋﾟｯﾄﾞ ｽﾄﾚｰｼﾞ ﾃｸﾉﾛｼﾞｰ ﾄﾞﾗｲﾊﾞｰ409-BCWT 1\r\nｼｽﾃﾑ出荷, Latitude 3540 340-DGJB 1\r\nﾃﾞﾙをご購入いただき､ありがとうございます379-BBEP 1\r\n情報 構成 のみ340-ADFN 1\r\nEPEAT 2018 登録済み (Silver) 379-BDTO 1\r\nFixed Hardware Configuration 998-GGCJ 1\r\nINFO North Hub 340-ALZH 1\r\nKVDYP L3540 Y-1 RCPT6 486-83616 1\r\nCCC 国 情報340-AASK 1\r\nMicrosoft® Office ﾗｲｾﾝｽなし630-AASW 1\r\n\r\n\r\nソフトウェア\r\nWindows 11 Pro, 日本語619-APUC 1\r\nMicrosoft® Office 設定なし630-ABIY 1\r\n\r\n\r\nサービス\r\nCollect and Return Service 12 Months 709-BCGV 1\r\nProSupport & 翌営業日対応ｵﾝｻｲﾄ保守ｻｰﾋﾞｽ Extension, 24 ヶ月199-BIQI 1\r\nProSupport & 翌営業日対応ｵﾝｻｲﾄ保守ｻｰﾋﾞｽ Initial, 12 ヶ月199-BIQJ 1", "create_user": null, "create_date": "2023-12-01T01:46:53.124Z", "update_user": null, "update_date": "2023-12-01T01:49:14.250Z", "is_deleted": false}}, {"model": "anoapp.anotherquotationnotes", "pk": 32, "fields": {"header": 36, "number": 1, "notes": "構成\r\nDell Latitude 3540, BTX 210-BGDW 1\r\n第13世代 ｲﾝﾃﾙ Core i5-1345U (12 MB ｷｬｯｼｭ, 10 ｺｱ, 最大 4.70 GHz ﾀｰﾎﾞ) 379-BFBG 1\r\n内蔵 ｲﾝﾃﾙ(R) Iris(R) Xe または UHD ｸﾞﾗﾌｨｯｸｽ for i5-1345U ﾌﾟﾛｾｯｻｰ338-CHQK 1\r\n15.6ｲﾝﾁ, FHD 1920x1080, 60Hz, WVA/IPS, 非-ﾀｯﾁ, 非光沢, 250 nit, NTSC 45%, FHD ｶﾒﾗ, WLAN 391-BHIW 1\r\nPalmrest, No Fingerprint Reader, No SIM slot, Japan 346-BJYP 1\r\n16 GB, 2 x 8 GB, DDR4, 3200 MT/s 370-AHMT 1\r\n256 GB, M.2 2230, PCIe NVMe, SSD, Class 35 400-BOSX 1\r\n3ｾﾙ, 42 Wh, ExpressCharge™ 対応, ExpressCharge™ Boost 対応451-BDBQ 1\r\n日本語 非-バックライト キーボード (テンキー付), 103-キー583-BJQJ 1\r\nｲﾝﾃﾙ® Wi-Fi 6E (6Eが利用できない場合は6) AX211, 2x2, 802.11ax, Bluetooth ﾜｲﾔﾚｽ ｶｰﾄﾞ555-BHHU 1\r\nｲﾝﾃﾙ AX201/AX211 WLAN ﾄﾞﾗｲﾊﾞｰ555-BJDV 1\r\nOS ﾒﾃﾞｨｱ ｷｯﾄ なし374-BBBI 1\r\nENERGY STAR 387-BBLW 1\r\nﾄﾞｷｭﾒﾝﾄ MUI用 (英語,中国語・簡体,日本語,中国語・繁体 ,韓国語) 340-ACBT 1\r\nｸｲｯｸ ｽﾀｰﾄ ｶﾞｲﾄﾞ for 3540 340-DDPB 1\r\nDell 追加 ｿﾌﾄｳｪｱ658-BFQB 1\r\nLatitude 3540 ﾎﾞﾄﾑ ﾄﾞｱ, 内蔵 ｸﾞﾗﾌｨｯｸｽ321-BJBF 1\r\n65W AC ｱﾀﾞﾌﾟﾀｰ492-BDHT 1\r\nE4 電源ｺｰﾄﾞ 3FT ｰ 日本450-ALFR 1\r\nFHD ｶﾒﾗ, Temporal Noise Reduction, No ExpressSign-In, ｶﾒﾗ ｼｬｯﾀｰ, Mic 319-BBIW 1\r\nｲﾝﾃﾙ vPro ﾏﾈｼﾞﾒﾝﾄ 無効631-BBBB 1\r\nｲﾝﾃﾙ ﾗﾋﾟｯﾄﾞ ｽﾄﾚｰｼﾞ ﾃｸﾉﾛｼﾞｰ ﾄﾞﾗｲﾊﾞｰ409-BCWT 1\r\nｼｽﾃﾑ出荷, Latitude 3540 340-DGJB 1\r\nﾃﾞﾙをご購入いただき､ありがとうございます379-BBEP 1\r\n情報 構成 のみ340-ADFN 1\r\nEPEAT 2018 登録済み (Silver) 379-BDTO 1\r\nFixed Hardware Configuration 998-GGCJ 1\r\nINFO North Hub 340-ALZH 1\r\nKVDYP L3540 Y-1 RCPT6 486-83616 1\r\nCCC 国 情報340-AASK 1\r\nMicrosoft® Office ﾗｲｾﾝｽなし630-AASW 1\r\n\r\n\r\nソフトウェア\r\nWindows 11 Pro, 日本語619-APUC 1\r\nMicrosoft® Office 設定なし630-ABIY 1\r\n\r\n\r\nサービス\r\nCollect and Return Service 12 Months 709-BCGV 1\r\nProSupport & 翌営業日対応ｵﾝｻｲﾄ保守ｻｰﾋﾞｽ Extension, 24 ヶ月199-BIQI 1\r\nProSupport & 翌営業日対応ｵﾝｻｲﾄ保守ｻｰﾋﾞｽ Initial, 12 ヶ月199-BIQJ 1", "create_user": null, "create_date": "2023-12-01T02:06:17.521Z", "update_user": null, "update_date": "2023-12-01T02:06:17.521Z", "is_deleted": false}}, {"model": "anoapp.anotherquotationconfirm", "pk": 1, "fields": {"header": 5, "number": 2, "internal_confirm": "社内確認事項", "create_user": null, "create_date": "2023-10-10T05:42:59.874Z", "update_user": null, "update_date": "2023-10-10T05:54:53.784Z", "is_deleted": false}}, {"model": "anoapp.anotherquotationconfirm", "pk": 3, "fields": {"header": 7, "number": 1, "internal_confirm": "営業1G佐藤さんから営業2G吉田が引き継ぎました。", "create_user": null, "create_date": "2023-10-11T01:31:20.375Z", "update_user": null, "update_date": "2023-10-26T00:18:11.270Z", "is_deleted": false}}, {"model": "anoapp.anotherquotationconfirm", "pk": 5, "fields": {"header": 9, "number": 1, "internal_confirm": "営業1G佐藤さんから営業2G吉田が引き継ぎました。", "create_user": null, "create_date": "2023-10-13T05:49:21.731Z", "update_user": null, "update_date": "2023-10-13T05:49:21.731Z", "is_deleted": false}}, {"model": "anoapp.anotherquotationconfirm", "pk": 6, "fields": {"header": 10, "number": 1, "internal_confirm": "営業1G佐藤さんから営業2G吉田が引き継ぎました。", "create_user": null, "create_date": "2023-10-13T05:49:25.455Z", "update_user": null, "update_date": "2023-10-23T06:56:28.301Z", "is_deleted": false}}, {"model": "anoapp.anotherquotationconfirm", "pk": 7, "fields": {"header": 11, "number": 1, "internal_confirm": "営業1G佐藤さんから営業2G吉田が引き継ぎました。", "create_user": null, "create_date": "2023-10-13T05:49:28.575Z", "update_user": null, "update_date": "2023-10-13T05:49:28.575Z", "is_deleted": false}}, {"model": "anoapp.anotherquotationconfirm", "pk": 8, "fields": {"header": 12, "number": 1, "internal_confirm": "営業1G佐藤さんから営業2G吉田が引き継ぎました。", "create_user": null, "create_date": "2023-10-13T05:49:36.690Z", "update_user": null, "update_date": "2023-10-13T05:49:36.690Z", "is_deleted": false}}, {"model": "anoapp.anotherquotationconfirm", "pk": 9, "fields": {"header": 13, "number": 1, "internal_confirm": "営業1G佐藤さんから営業2G吉田が引き継ぎました。", "create_user": null, "create_date": "2023-10-13T05:49:40.089Z", "update_user": null, "update_date": "2023-10-26T00:17:58.369Z", "is_deleted": false}}, {"model": "anoapp.anotherquotationconfirm", "pk": 10, "fields": {"header": 14, "number": 1, "internal_confirm": "営業1G佐藤さんから営業2G吉田が引き継ぎました。", "create_user": null, "create_date": "2023-10-13T05:49:43.745Z", "update_user": null, "update_date": "2023-10-26T00:14:15.618Z", "is_deleted": false}}, {"model": "anoapp.anotherquotationconfirm", "pk": 13, "fields": {"header": 17, "number": 1, "internal_confirm": "営業1G佐藤さんから営業2G吉田が引き継ぎました。", "create_user": null, "create_date": "2023-10-16T07:50:45.959Z", "update_user": null, "update_date": "2023-11-06T02:39:56.191Z", "is_deleted": false}}, {"model": "anoapp.anotherquotationconfirm", "pk": 15, "fields": {"header": 19, "number": 1, "internal_confirm": "111", "create_user": null, "create_date": "2023-10-23T05:17:28.091Z", "update_user": null, "update_date": "2023-11-06T05:39:06.770Z", "is_deleted": false}}, {"model": "anoapp.anotherquotationconfirm", "pk": 18, "fields": {"header": 24, "number": 1, "internal_confirm": "営業1G佐藤さんから引き継ぎました。(営業1G 田中)", "create_user": null, "create_date": "2023-10-23T06:37:00.619Z", "update_user": null, "update_date": "2023-11-06T02:33:20.869Z", "is_deleted": false}}, {"model": "anoapp.anotherquotationconfirm", "pk": 19, "fields": {"header": 24, "number": 2, "internal_confirm": "承認は佐々木部長に確認してから実施して下さい。", "create_user": null, "create_date": "2023-10-23T08:12:42.631Z", "update_user": null, "update_date": "2023-11-06T02:33:20.872Z", "is_deleted": false}}, {"model": "anoapp.anotherquotationconfirm", "pk": 23, "fields": {"header": 27, "number": 1, "internal_confirm": "営業1G佐藤さんから引き継ぎました。(営業1G 田中)", "create_user": null, "create_date": "2023-11-06T02:40:04.480Z", "update_user": null, "update_date": "2023-11-22T04:09:47.561Z", "is_deleted": false}}, {"model": "anoapp.anotherquotationconfirm", "pk": 24, "fields": {"header": 27, "number": 2, "internal_confirm": "承認は佐々木部長に確認してから実施して下さい。", "create_user": null, "create_date": "2023-11-06T02:40:04.486Z", "update_user": null, "update_date": "2023-11-22T04:09:47.564Z", "is_deleted": false}}]